{
  "logistic_regression": {
    "accuracy": 0.826,
    "precision": 0.14285714285714285,
    "recall": 0.8235294117647058,
    "f1_score": 0.24347826086956523,
    "roc_auc": 0.9081034587748142
  },
  "random_forest": {
    "accuracy": 0.9785,
    "precision": 0.6865671641791045,
    "recall": 0.6764705882352942,
    "f1_score": 0.6814814814814815,
    "roc_auc": 0.9702228717573986
  },
  "xgboost": {
    "accuracy": 0.9875,
    "precision": 0.9215686274509803,
    "recall": 0.6911764705882353,
    "f1_score": 0.7899159663865546,
    "roc_auc": 0.9743103763244428
  }
}